<?xml version='1.0' encoding='utf-8' ?>
<!DOCTYPE document SYSTEM "file:///C:/Xilinx/14.7/ISE_DS/ISE/xbr/data/xmlReportxbr.dtd">
<document><ascFile>Traffic.rpt</ascFile><devFile>C:/Xilinx/14.7/ISE_DS/ISE/xbr/data/xc2c64a.chp</devFile><mfdFile>Traffic.mfd</mfdFile><htmlFile logic_legend="logiclegend.htm" logo="coolrunnerII_logo.jpg" pin_legend="pinlegend.htm"/><header date=" 6- 2-2019" design="Traffic" device="XC2C64A" eqnType="1" pkg="VQ44" speed="-7" status="1" statusStr="Successful" swVersion="P.20131013" time="  9:40PM" version="1.0"/><inputs id="PedEW" userloc="P37"/><inputs id="PedNS" userloc="P38"/><inputs id="CarEW" userloc="P34"/><inputs id="CarNS" userloc="P36"/><global_inputs id="Clock" use="GCK" userloc="P1"/><global_inputs id="Asynchronous_Reset" use="GSR" userloc="P30"/><pin id="FB1_MC1_PIN38" iostd="LVCMOS33" iostyle="KPR" pinnum="38" signal="PedNS" use="I"/><pin id="FB1_MC2_PIN37" iostd="LVCMOS33" iostyle="KPR" pinnum="37" signal="PedEW" use="I"/><pin id="FB1_MC3_PIN36" iostd="LVCMOS33" iostyle="KPR" pinnum="36" signal="CarNS" use="I"/><pin id="FB1_MC9_PIN34" iostd="LVCMOS33" iostyle="KPR" pinnum="34" signal="CarEW" use="I"/><pin id="FB1_MC10_PIN33" pinnum="33" signal="CounterCount8_SPECSIG" use="b_SPECSIG"/><pin id="FB1_MC11_PIN32" pinnum="32" signal="CounterCount9_SPECSIG" use="b_SPECSIG"/><pin id="FB1_MC12_PIN31" pinnum="31" signal="CounterCount10_SPECSIG" use="b_SPECSIG"/><pin id="FB1_MC13_PIN30" iostd="LVCMOS33" iostyle="KPR" pinnum="30" signal="Asynchronous_Reset" use="GSRI_SPECSIG"/><pin id="FB2_MC1_PIN39" iostd="LVCMOS33" pinnum="39" signal="LightsEW0_SPECSIG" use="O"/><pin id="FB2_MC2_PIN40" iostd="LVCMOS33" pinnum="40" signal="LightsEW1_SPECSIG" use="O"/><pin id="FB2_MC5_PIN41" iostd="LVCMOS33" pinnum="41" signal="LightsNS0_SPECSIG" use="O"/><pin id="FB2_MC6_PIN42" iostd="LVCMOS33" pinnum="42" signal="LightsNS1_SPECSIG" use="O"/><pin id="FB2_MC7_PIN43" pinnum="43"/><pin id="FB2_MC8_PIN44" pinnum="44"/><pin id="FB2_MC10_PIN1" iostd="LVCMOS33" iostyle="KPR" pinnum="1" signal="Clock" use="GCK"/><pin id="FB2_MC12_PIN2" pinnum="2"/><pin id="FB2_MC13_PIN3" pinnum="3"/><pin id="FB3_MC1_PIN29" iostd="LVCMOS33" pinnum="29" signal="debugLED" use="O"/><pin id="FB3_MC2_PIN28" pinnum="28"/><pin id="FB3_MC3_PIN27" pinnum="27"/><pin id="FB3_MC6_PIN23" pinnum="23"/><pin id="FB3_MC10_PIN22" pinnum="22"/><pin id="FB3_MC11_PIN21" pinnum="21"/><pin id="FB3_MC12_PIN20" pinnum="20"/><pin id="FB3_MC14_PIN19" pinnum="19"/><pin id="FB3_MC15_PIN18" pinnum="18"/><pin id="FB4_MC1_PIN5" pinnum="5"/><pin id="FB4_MC2_PIN6" pinnum="6"/><pin id="FB4_MC7_PIN8" pinnum="8"/><pin id="FB4_MC11_PIN12" pinnum="12"/><pin id="FB4_MC13_PIN13" pinnum="13"/><pin id="FB4_MC14_PIN14" pinnum="14"/><pin id="FB4_MC15_PIN16" pinnum="16"/><pin id="FB_PIN35" pinnum="35" use="VCCAUX"/><pin id="FB_PIN7" pinnum="7" use="VCCIO-3.3"/><pin id="FB_PIN15" pinnum="15" use="VCC"/><pin id="FB_PIN26" pinnum="26" use="VCCIO-3.3"/><fblock id="FB1" pinUse="3"><macrocell id="FB1_MC1" inreg="Synced_CarPed_NS" pin="FB1_MC1_PIN38" sigUse="6" signal="Synced_CarPed_NSCOMB_SPECSIG"><eq_pterm ptindx="FB1_10"/></macrocell><macrocell id="FB1_MC2" inreg="Synced_CarPed_EW" pin="FB1_MC2_PIN37" sigUse="10" signal="Synced_CarPed_EWCOMB_SPECSIG"><eq_pterm ptindx="FB1_14"/><eq_pterm ptindx="FB1_20"/><eq_pterm ptindx="FB1_16"/><eq_pterm ptindx="FB1_15"/><eq_pterm ptindx="FB1_18"/><eq_pterm ptindx="FB1_17"/></macrocell><macrocell id="FB1_MC3" inreg="Synced_Car_NS" pin="FB1_MC3_PIN36" sigUse="0"/><macrocell id="FB1_MC4" sigUse="12" signal="PedWalk_Time"><eq_pterm ptindx="FB1_19"/></macrocell><macrocell id="FB1_MC5" sigUse="12" signal="Green_Time"><eq_pterm ptindx="FB1_22"/></macrocell><macrocell id="FB1_MC6" sigUse="8" signal="CounterCount5_SPECSIG"><eq_pterm ptindx="FB1_7"/><eq_pterm ptindx="FB1_6"/></macrocell><macrocell id="FB1_MC7" sigUse="6" signal="CounterCount4_SPECSIG"><eq_pterm ptindx="FB1_4"/><eq_pterm ptindx="FB1_5"/></macrocell><macrocell id="FB1_MC8" sigUse="5" signal="CounterCount3_SPECSIG"><eq_pterm ptindx="FB1_31"/><eq_pterm ptindx="FB1_3"/></macrocell><macrocell id="FB1_MC9" inreg="Synced_Car_EW" pin="FB1_MC9_PIN34" sigUse="0"/><macrocell id="FB1_MC10" pin="FB1_MC10_PIN33" sigUse="5" signal="CounterCount8_SPECSIG"><eq_pterm ptindx="FB1_37"/><eq_pterm ptindx="FB1_13"/></macrocell><macrocell id="FB1_MC11" pin="FB1_MC11_PIN32" sigUse="6" signal="CounterCount9_SPECSIG"><eq_pterm ptindx="FB1_11"/><eq_pterm ptindx="FB1_12"/></macrocell><macrocell id="FB1_MC12" pin="FB1_MC12_PIN31" sigUse="7" signal="CounterCount10_SPECSIG"><eq_pterm ptindx="FB1_8"/><eq_pterm ptindx="FB1_9"/></macrocell><macrocell id="FB1_MC13" pin="FB1_MC13_PIN30" sigUse="12" signal="Yellow_Time"><eq_pterm ptindx="FB1_46"/></macrocell><macrocell id="FB1_MC14" sigUse="4" signal="CounterCount2_SPECSIG"><eq_pterm ptindx="FB1_49"/><eq_pterm ptindx="FB1_2"/></macrocell><macrocell id="FB1_MC15" sigUse="3" signal="CounterCount1_SPECSIG"><eq_pterm ptindx="FB1_1"/><eq_pterm ptindx="FB1_0"/></macrocell><macrocell id="FB1_MC16" sigUse="2" signal="CounterCount0_SPECSIG"><eq_pterm ptindx="FB1_55"/></macrocell><fbinput id="FB1_I1" signal="CounterCount0_SPECSIG"/><fbinput id="FB1_I2" signal="CounterCount10_SPECSIG"/><fbinput id="FB1_I3" signal="CounterCount1_SPECSIG"/><fbinput id="FB1_I4" signal="CounterCount2_SPECSIG"/><fbinput id="FB1_I5" signal="CounterCount3_SPECSIG"/><fbinput id="FB1_I6" signal="CounterCount4_SPECSIG"/><fbinput id="FB1_I7" signal="CounterCount5_SPECSIG"/><fbinput id="FB1_I8" signal="CounterCount6_SPECSIG"/><fbinput id="FB1_I9" signal="CounterCount7_SPECSIG"/><fbinput id="FB1_I10" signal="CounterCount8_SPECSIG"/><fbinput id="FB1_I11" signal="CounterCount9_SPECSIG"/><fbinput id="FB1_I12" signal="Green_Time"/><fbinput id="FB1_I13" signal="PedWalk_Time"/><fbinput id="FB1_I14" signal="StateMachinePedMemory_EW_SPECSIG"/><fbinput id="FB1_I15" signal="StateMachinePedMemory_NS_SPECSIG"/><fbinput id="FB1_I16" signal="StateMachinestate_FSM_FFd1_SPECSIG"/><fbinput id="FB1_I17" signal="StateMachinestate_FSM_FFd2_SPECSIG"/><fbinput id="FB1_I18" signal="StateMachinestate_FSM_FFd3_SPECSIG"/><fbinput id="FB1_I19" signal="Synced_CarPed_EWCOMB_SPECSIG"/><fbinput id="FB1_I20" signal="Synced_CarPed_NSCOMB_SPECSIG"/><fbinput id="FB1_I21" signal="Synced_Car_EW"/><fbinput id="FB1_I22" signal="Synced_Car_NS"/><fbinput id="FB1_I23" signal="Yellow_Time"/><PAL><pterm id="FB1_0"><signal id="CounterCount0_SPECSIG" negated="ON"/><signal id="Synced_CarPed_EWCOMB_SPECSIG" negated="ON"/><signal id="CounterCount1_SPECSIG"/></pterm><pterm id="FB1_1"><signal id="CounterCount0_SPECSIG"/><signal id="Synced_CarPed_EWCOMB_SPECSIG" negated="ON"/><signal id="CounterCount1_SPECSIG" negated="ON"/></pterm><pterm id="FB1_2"><signal id="CounterCount0_SPECSIG"/><signal id="Synced_CarPed_EWCOMB_SPECSIG" negated="ON"/><signal id="CounterCount1_SPECSIG"/></pterm><pterm id="FB1_3"><signal id="CounterCount0_SPECSIG"/><signal id="Synced_CarPed_EWCOMB_SPECSIG" negated="ON"/><signal id="CounterCount1_SPECSIG"/><signal id="CounterCount2_SPECSIG"/></pterm><pterm id="FB1_4"><signal id="Synced_CarPed_EWCOMB_SPECSIG"/><signal id="CounterCount4_SPECSIG"/></pterm><pterm id="FB1_5"><signal id="CounterCount0_SPECSIG"/><signal id="Synced_CarPed_EWCOMB_SPECSIG" negated="ON"/><signal id="CounterCount1_SPECSIG"/><signal id="CounterCount2_SPECSIG"/><signal id="CounterCount3_SPECSIG"/></pterm><pterm id="FB1_6"><signal id="CounterCount0_SPECSIG"/><signal id="Synced_CarPed_EWCOMB_SPECSIG" negated="ON"/><signal id="CounterCount1_SPECSIG"/><signal id="CounterCount2_SPECSIG"/><signal id="CounterCount3_SPECSIG"/><signal id="CounterCount4_SPECSIG"/><signal id="Synced_CarPed_NSCOMB_SPECSIG" negated="ON"/></pterm><pterm id="FB1_7"><signal id="Synced_CarPed_EWCOMB_SPECSIG" negated="ON"/><signal id="CounterCount5_SPECSIG"/><signal id="Synced_CarPed_NSCOMB_SPECSIG" negated="ON"/></pterm><pterm id="FB1_8"><signal id="Synced_CarPed_EWCOMB_SPECSIG"/><signal id="CounterCount10_SPECSIG"/></pterm><pterm id="FB1_9"><signal id="Synced_CarPed_EWCOMB_SPECSIG" negated="ON"/><signal id="Synced_CarPed_NSCOMB_SPECSIG"/><signal id="CounterCount6_SPECSIG"/><signal id="CounterCount7_SPECSIG"/><signal id="CounterCount8_SPECSIG"/><signal id="CounterCount9_SPECSIG"/></pterm><pterm id="FB1_10"><signal id="CounterCount0_SPECSIG"/><signal id="CounterCount1_SPECSIG"/><signal id="CounterCount2_SPECSIG"/><signal id="CounterCount3_SPECSIG"/><signal id="CounterCount4_SPECSIG"/><signal id="CounterCount5_SPECSIG"/></pterm><pterm id="FB1_11"><signal id="Synced_CarPed_EWCOMB_SPECSIG"/><signal id="CounterCount9_SPECSIG"/></pterm><pterm id="FB1_12"><signal id="Synced_CarPed_EWCOMB_SPECSIG" negated="ON"/><signal id="Synced_CarPed_NSCOMB_SPECSIG"/><signal id="CounterCount6_SPECSIG"/><signal id="CounterCount7_SPECSIG"/><signal id="CounterCount8_SPECSIG"/></pterm><pterm id="FB1_13"><signal id="Synced_CarPed_EWCOMB_SPECSIG" negated="ON"/><signal id="Synced_CarPed_NSCOMB_SPECSIG"/><signal id="CounterCount6_SPECSIG"/><signal id="CounterCount7_SPECSIG"/></pterm><pterm id="FB1_14"><signal id="StateMachinestate_FSM_FFd1_SPECSIG"/><signal id="Yellow_Time"/></pterm><pterm id="FB1_15"><signal id="StateMachinestate_FSM_FFd2_SPECSIG"/><signal id="StateMachinePedMemory_EW_SPECSIG"/><signal id="Green_Time"/></pterm><pterm id="FB1_16"><signal id="StateMachinePedMemory_NS_SPECSIG"/><signal id="StateMachinestate_FSM_FFd2_SPECSIG"/><signal id="Green_Time"/></pterm><pterm id="FB1_17"><signal id="StateMachinestate_FSM_FFd3_SPECSIG" negated="ON"/><signal id="StateMachinestate_FSM_FFd2_SPECSIG"/><signal id="Green_Time"/><signal id="Synced_Car_EW"/></pterm><pterm id="FB1_18"><signal id="StateMachinestate_FSM_FFd3_SPECSIG"/><signal id="StateMachinestate_FSM_FFd2_SPECSIG"/><signal id="Green_Time"/><signal id="Synced_Car_NS"/></pterm><pterm id="FB1_19"><signal id="CounterCount0_SPECSIG" negated="ON"/><signal id="Synced_CarPed_EWCOMB_SPECSIG" negated="ON"/><signal id="CounterCount1_SPECSIG" negated="ON"/><signal id="CounterCount2_SPECSIG" negated="ON"/><signal id="CounterCount3_SPECSIG" negated="ON"/><signal id="CounterCount4_SPECSIG"/><signal id="CounterCount5_SPECSIG" negated="ON"/><signal id="CounterCount6_SPECSIG" negated="ON"/><signal id="CounterCount7_SPECSIG"/><signal id="CounterCount8_SPECSIG"/><signal id="CounterCount9_SPECSIG" negated="ON"/><signal id="CounterCount10_SPECSIG" negated="ON"/></pterm><pterm id="FB1_20"><signal id="StateMachinestate_FSM_FFd1_SPECSIG" negated="ON"/><signal id="StateMachinestate_FSM_FFd2_SPECSIG" negated="ON"/><signal id="PedWalk_Time"/></pterm><pterm id="FB1_22"><signal id="CounterCount0_SPECSIG" negated="ON"/><signal id="Synced_CarPed_EWCOMB_SPECSIG" negated="ON"/><signal id="CounterCount1_SPECSIG" negated="ON"/><signal id="CounterCount2_SPECSIG" negated="ON"/><signal id="CounterCount3_SPECSIG" negated="ON"/><signal id="CounterCount4_SPECSIG" negated="ON"/><signal id="CounterCount5_SPECSIG"/><signal id="CounterCount6_SPECSIG" negated="ON"/><signal id="CounterCount7_SPECSIG" negated="ON"/><signal id="CounterCount8_SPECSIG"/><signal id="CounterCount9_SPECSIG"/><signal id="CounterCount10_SPECSIG" negated="ON"/></pterm><pterm id="FB1_31"><signal id="Synced_CarPed_EWCOMB_SPECSIG" negated="ON"/><signal id="CounterCount3_SPECSIG"/></pterm><pterm id="FB1_37"><signal id="Synced_CarPed_EWCOMB_SPECSIG" negated="ON"/><signal id="CounterCount8_SPECSIG"/></pterm><pterm id="FB1_46"><signal id="CounterCount0_SPECSIG" negated="ON"/><signal id="Synced_CarPed_EWCOMB_SPECSIG" negated="ON"/><signal id="CounterCount1_SPECSIG" negated="ON"/><signal id="CounterCount2_SPECSIG"/><signal id="CounterCount3_SPECSIG"/><signal id="CounterCount4_SPECSIG" negated="ON"/><signal id="CounterCount5_SPECSIG"/><signal id="CounterCount6_SPECSIG" negated="ON"/><signal id="CounterCount7_SPECSIG" negated="ON"/><signal id="CounterCount8_SPECSIG"/><signal id="CounterCount9_SPECSIG" negated="ON"/><signal id="CounterCount10_SPECSIG" negated="ON"/></pterm><pterm id="FB1_49"><signal id="Synced_CarPed_EWCOMB_SPECSIG" negated="ON"/><signal id="CounterCount2_SPECSIG"/></pterm><pterm id="FB1_55"><signal id="CounterCount0_SPECSIG" negated="ON"/><signal id="Synced_CarPed_EWCOMB_SPECSIG" negated="ON"/></pterm></PAL><equation id="Synced_CarPed_NS" regUse="DFF"><inreg inputs="PedNS"/><clk><fastsig signal="Clock"/></clk><reset><fastsig signal="Asynchronous_Reset"/></reset><prld ptindx="GND"/></equation><equation id="Synced_CarPed_EW" regUse="DFF"><inreg inputs="PedEW"/><clk><fastsig signal="Clock"/></clk><reset><fastsig signal="Asynchronous_Reset"/></reset><prld ptindx="GND"/></equation><equation id="Synced_Car_NS" regUse="DFF"><inreg inputs="CarNS"/><clk><fastsig signal="Clock"/></clk><reset><fastsig signal="Asynchronous_Reset"/></reset><prld ptindx="GND"/></equation><equation id="PedWalk_Time" regUse="DFF"><d1><eq_pterm ptindx="FB1_19"/></d1><clk><fastsig signal="Clock"/></clk><reset><fastsig signal="Asynchronous_Reset"/></reset><prld ptindx="GND"/></equation><equation id="Green_Time" regUse="DFF"><d1><eq_pterm ptindx="FB1_22"/></d1><clk><fastsig signal="Clock"/></clk><reset><fastsig signal="Asynchronous_Reset"/></reset><prld ptindx="GND"/></equation><equation id="CounterCount5_SPECSIG" regUse="DFF"><d2><eq_pterm ptindx="FB1_7"/><eq_pterm ptindx="FB1_6"/></d2><clk><fastsig signal="Clock"/></clk><reset><fastsig signal="Asynchronous_Reset"/></reset><prld ptindx="GND"/></equation><equation id="CounterCount4_SPECSIG" regUse="TFF"><d2><eq_pterm ptindx="FB1_4"/><eq_pterm ptindx="FB1_5"/></d2><clk><fastsig signal="Clock"/></clk><reset><fastsig signal="Asynchronous_Reset"/></reset><prld ptindx="GND"/></equation><equation id="CounterCount3_SPECSIG" regUse="DFF"><d1><eq_pterm ptindx="FB1_31"/></d1><d2><eq_pterm ptindx="FB1_3"/></d2><clk><fastsig signal="Clock"/></clk><reset><fastsig signal="Asynchronous_Reset"/></reset><prld ptindx="GND"/></equation><equation id="Synced_Car_EW" regUse="DFF"><inreg inputs="CarEW"/><clk><fastsig signal="Clock"/></clk><reset><fastsig signal="Asynchronous_Reset"/></reset><prld ptindx="GND"/></equation><equation id="CounterCount8_SPECSIG" regUse="DFF"><d1><eq_pterm ptindx="FB1_37"/></d1><d2><eq_pterm ptindx="FB1_13"/></d2><clk><fastsig signal="Clock"/></clk><reset><fastsig signal="Asynchronous_Reset"/></reset><prld ptindx="GND"/></equation><equation id="CounterCount9_SPECSIG" regUse="TFF"><d2><eq_pterm ptindx="FB1_11"/><eq_pterm ptindx="FB1_12"/></d2><clk><fastsig signal="Clock"/></clk><reset><fastsig signal="Asynchronous_Reset"/></reset><prld ptindx="GND"/></equation><equation id="CounterCount10_SPECSIG" regUse="TFF"><d2><eq_pterm ptindx="FB1_8"/><eq_pterm ptindx="FB1_9"/></d2><clk><fastsig signal="Clock"/></clk><reset><fastsig signal="Asynchronous_Reset"/></reset><prld ptindx="GND"/></equation><equation id="Yellow_Time" regUse="DFF"><d1><eq_pterm ptindx="FB1_46"/></d1><clk><fastsig signal="Clock"/></clk><reset><fastsig signal="Asynchronous_Reset"/></reset><prld ptindx="GND"/></equation><equation id="CounterCount2_SPECSIG" regUse="DFF"><d1><eq_pterm ptindx="FB1_49"/></d1><d2><eq_pterm ptindx="FB1_2"/></d2><clk><fastsig signal="Clock"/></clk><reset><fastsig signal="Asynchronous_Reset"/></reset><prld ptindx="GND"/></equation><equation id="CounterCount1_SPECSIG" regUse="DFF"><d2><eq_pterm ptindx="FB1_1"/><eq_pterm ptindx="FB1_0"/></d2><clk><fastsig signal="Clock"/></clk><reset><fastsig signal="Asynchronous_Reset"/></reset><prld ptindx="GND"/></equation><equation id="CounterCount0_SPECSIG" regUse="DFF"><d1><eq_pterm ptindx="FB1_55"/></d1><clk><fastsig signal="Clock"/></clk><reset><fastsig signal="Asynchronous_Reset"/></reset><prld ptindx="GND"/></equation><equation id="Synced_CarPed_NSCOMB_SPECSIG"><d1><eq_pterm ptindx="FB1_10"/></d1></equation><equation id="Synced_CarPed_EWCOMB_SPECSIG"><d2><eq_pterm ptindx="FB1_14"/><eq_pterm ptindx="FB1_20"/><eq_pterm ptindx="FB1_16"/><eq_pterm ptindx="FB1_15"/><eq_pterm ptindx="FB1_18"/><eq_pterm ptindx="FB1_17"/></d2></equation></fblock><fblock id="FB2" pinUse="4"><macrocell id="FB2_MC1" pin="FB2_MC1_PIN39" sigUse="3" signal="LightsEW0_SPECSIG"><eq_pterm ptindx="FB2_0"/><eq_pterm ptindx="FB2_1"/></macrocell><macrocell id="FB2_MC2" pin="FB2_MC2_PIN40" sigUse="3" signal="LightsEW1_SPECSIG"><eq_pterm ptindx="FB2_2"/><eq_pterm ptindx="FB2_3"/></macrocell><macrocell id="FB2_MC3" sigUse="4" signal="CounterCount7_SPECSIG"><eq_pterm ptindx="FB2_16"/><eq_pterm ptindx="FB2_27"/></macrocell><macrocell id="FB2_MC4" sigUse="3" signal="CounterCount6_SPECSIG"><eq_pterm ptindx="FB2_25"/><eq_pterm ptindx="FB2_26"/></macrocell><macrocell id="FB2_MC5" pin="FB2_MC5_PIN41" sigUse="3" signal="LightsNS0_SPECSIG"><eq_pterm ptindx="FB2_4"/><eq_pterm ptindx="FB2_5"/></macrocell><macrocell id="FB2_MC6" pin="FB2_MC6_PIN42" sigUse="3" signal="LightsNS1_SPECSIG"><eq_pterm ptindx="FB2_6"/><eq_pterm ptindx="FB2_7"/></macrocell><macrocell id="FB2_MC7" pin="FB2_MC7_PIN43"/><macrocell id="FB2_MC8" pin="FB2_MC8_PIN44"/><macrocell id="FB2_MC9" sigUse="5" signal="StateMachinePedMemory_NS_SPECSIG"><eq_pterm ptindx="FB2_24"/><eq_pterm ptindx="FB2_23"/></macrocell><macrocell id="FB2_MC10" pin="FB2_MC10_PIN1"/><macrocell id="FB2_MC11" sigUse="5" signal="StateMachinePedMemory_EW_SPECSIG"><eq_pterm ptindx="FB2_22"/><eq_pterm ptindx="FB2_21"/></macrocell><macrocell id="FB2_MC12" pin="FB2_MC12_PIN2"/><macrocell id="FB2_MC13" pin="FB2_MC13_PIN3"/><macrocell id="FB2_MC14" sigUse="9" signal="StateMachinestate_FSM_FFd1_SPECSIG"><eq_pterm ptindx="FB2_15"/><eq_pterm ptindx="FB2_17"/><eq_pterm ptindx="FB2_20"/><eq_pterm ptindx="FB2_18"/><eq_pterm ptindx="FB2_19"/></macrocell><macrocell id="FB2_MC15" sigUse="8" signal="StateMachinestate_FSM_FFd2_SPECSIG"><eq_pterm ptindx="FB2_14"/><eq_pterm ptindx="FB2_12"/><eq_pterm ptindx="FB2_13"/><eq_pterm ptindx="FB2_10"/><eq_pterm ptindx="FB2_11"/></macrocell><macrocell id="FB2_MC16" sigUse="4" signal="StateMachinestate_FSM_FFd3_SPECSIG"><eq_pterm ptindx="FB2_8"/><eq_pterm ptindx="FB2_9"/></macrocell><fbinput id="FB2_I1" signal="CounterCount6_SPECSIG"/><fbinput id="FB2_I2" signal="CounterCount7_SPECSIG"/><fbinput id="FB2_I3" signal="Green_Time"/><fbinput id="FB2_I4" signal="StateMachinePedMemory_EW_SPECSIG"/><fbinput id="FB2_I5" signal="StateMachinePedMemory_NS_SPECSIG"/><fbinput id="FB2_I6" signal="StateMachinestate_FSM_FFd1_SPECSIG"/><fbinput id="FB2_I7" signal="StateMachinestate_FSM_FFd2_SPECSIG"/><fbinput id="FB2_I8" signal="StateMachinestate_FSM_FFd3_SPECSIG"/><fbinput id="FB2_I9" signal="Synced_CarPed_EW"/><fbinput id="FB2_I10" signal="Synced_CarPed_EWCOMB_SPECSIG"/><fbinput id="FB2_I11" signal="Synced_CarPed_NS"/><fbinput id="FB2_I12" signal="Synced_CarPed_NSCOMB_SPECSIG"/><fbinput id="FB2_I13" signal="Synced_Car_EW"/><fbinput id="FB2_I14" signal="Synced_Car_NS"/><fbinput id="FB2_I15" signal="Yellow_Time"/><PAL><pterm id="FB2_0"><signal id="StateMachinestate_FSM_FFd3_SPECSIG"/><signal id="StateMachinestate_FSM_FFd1_SPECSIG"/></pterm><pterm id="FB2_1"><signal id="StateMachinestate_FSM_FFd3_SPECSIG"/><signal id="StateMachinestate_FSM_FFd2_SPECSIG" negated="ON"/></pterm><pterm id="FB2_2"><signal id="StateMachinestate_FSM_FFd3_SPECSIG"/><signal id="StateMachinestate_FSM_FFd1_SPECSIG" negated="ON"/></pterm><pterm id="FB2_3"><signal id="StateMachinestate_FSM_FFd3_SPECSIG"/><signal id="StateMachinestate_FSM_FFd2_SPECSIG"/></pterm><pterm id="FB2_4"><signal id="StateMachinestate_FSM_FFd3_SPECSIG" negated="ON"/><signal id="StateMachinestate_FSM_FFd1_SPECSIG"/></pterm><pterm id="FB2_5"><signal id="StateMachinestate_FSM_FFd3_SPECSIG" negated="ON"/><signal id="StateMachinestate_FSM_FFd2_SPECSIG" negated="ON"/></pterm><pterm id="FB2_6"><signal id="StateMachinestate_FSM_FFd3_SPECSIG" negated="ON"/><signal id="StateMachinestate_FSM_FFd1_SPECSIG" negated="ON"/></pterm><pterm id="FB2_7"><signal id="StateMachinestate_FSM_FFd3_SPECSIG" negated="ON"/><signal id="StateMachinestate_FSM_FFd2_SPECSIG"/></pterm><pterm id="FB2_8"><signal id="StateMachinestate_FSM_FFd3_SPECSIG" negated="ON"/><signal id="StateMachinestate_FSM_FFd1_SPECSIG"/><signal id="Yellow_Time"/></pterm><pterm id="FB2_9"><signal id="StateMachinestate_FSM_FFd1_SPECSIG"/><signal id="Yellow_Time"/><signal id="StateMachinestate_FSM_FFd2_SPECSIG" negated="ON"/></pterm><pterm id="FB2_10"><signal id="StateMachinestate_FSM_FFd3_SPECSIG"/><signal id="StateMachinestate_FSM_FFd1_SPECSIG"/><signal id="Yellow_Time"/><signal id="StateMachinePedMemory_NS_SPECSIG" negated="ON"/></pterm><pterm id="FB2_11"><signal id="StateMachinestate_FSM_FFd3_SPECSIG" negated="ON"/><signal id="StateMachinestate_FSM_FFd1_SPECSIG"/><signal id="Yellow_Time"/><signal id="StateMachinePedMemory_EW_SPECSIG" negated="ON"/></pterm><pterm id="FB2_12"><signal id="StateMachinestate_FSM_FFd2_SPECSIG"/><signal id="Green_Time" negated="ON"/></pterm><pterm id="FB2_13"><signal id="StateMachinestate_FSM_FFd1_SPECSIG" negated="ON"/><signal id="Synced_CarPed_EWCOMB_SPECSIG"/><signal id="StateMachinestate_FSM_FFd2_SPECSIG" negated="ON"/></pterm><pterm id="FB2_14"><signal id="Synced_CarPed_EWCOMB_SPECSIG" negated="ON"/><signal id="StateMachinestate_FSM_FFd2_SPECSIG"/></pterm><pterm id="FB2_15"><signal id="StateMachinestate_FSM_FFd1_SPECSIG"/><signal id="Yellow_Time" negated="ON"/></pterm><pterm id="FB2_16"><signal id="Synced_CarPed_EWCOMB_SPECSIG" negated="ON"/><signal id="CounterCount7_SPECSIG"/></pterm><pterm id="FB2_17"><signal id="StateMachinestate_FSM_FFd3_SPECSIG"/><signal id="StateMachinePedMemory_NS_SPECSIG"/><signal id="StateMachinestate_FSM_FFd2_SPECSIG"/><signal id="Green_Time"/></pterm><pterm id="FB2_18"><signal id="StateMachinestate_FSM_FFd3_SPECSIG" negated="ON"/><signal id="StateMachinestate_FSM_FFd2_SPECSIG"/><signal id="StateMachinePedMemory_EW_SPECSIG"/><signal id="Green_Time"/></pterm><pterm id="FB2_19"><signal id="StateMachinestate_FSM_FFd3_SPECSIG" negated="ON"/><signal id="StateMachinestate_FSM_FFd2_SPECSIG"/><signal id="Green_Time"/><signal id="Synced_Car_EW"/></pterm><pterm id="FB2_20"><signal id="StateMachinestate_FSM_FFd3_SPECSIG"/><signal id="StateMachinestate_FSM_FFd2_SPECSIG"/><signal id="Green_Time"/><signal id="Synced_Car_NS"/></pterm><pterm id="FB2_21"><signal id="StateMachinestate_FSM_FFd3_SPECSIG"/><signal id="StateMachinestate_FSM_FFd1_SPECSIG" negated="ON"/><signal id="StateMachinestate_FSM_FFd2_SPECSIG" negated="ON"/></pterm><pterm id="FB2_22"><signal id="Synced_CarPed_EW" negated="ON"/><signal id="StateMachinePedMemory_EW_SPECSIG" negated="ON"/></pterm><pterm id="FB2_23"><signal id="StateMachinestate_FSM_FFd3_SPECSIG" negated="ON"/><signal id="StateMachinestate_FSM_FFd1_SPECSIG" negated="ON"/><signal id="StateMachinestate_FSM_FFd2_SPECSIG" negated="ON"/></pterm><pterm id="FB2_24"><signal id="Synced_CarPed_NS" negated="ON"/><signal id="StateMachinePedMemory_NS_SPECSIG" negated="ON"/></pterm><pterm id="FB2_25"><signal id="Synced_CarPed_EWCOMB_SPECSIG" negated="ON"/><signal id="Synced_CarPed_NSCOMB_SPECSIG"/><signal id="CounterCount6_SPECSIG" negated="ON"/></pterm><pterm id="FB2_26"><signal id="Synced_CarPed_EWCOMB_SPECSIG" negated="ON"/><signal id="Synced_CarPed_NSCOMB_SPECSIG" negated="ON"/><signal id="CounterCount6_SPECSIG"/></pterm><pterm id="FB2_27"><signal id="Synced_CarPed_EWCOMB_SPECSIG" negated="ON"/><signal id="Synced_CarPed_NSCOMB_SPECSIG"/><signal id="CounterCount6_SPECSIG"/></pterm></PAL><equation id="LightsEW0_SPECSIG"><d2><eq_pterm ptindx="FB2_0"/><eq_pterm ptindx="FB2_1"/></d2></equation><equation id="LightsEW1_SPECSIG"><d2><eq_pterm ptindx="FB2_2"/><eq_pterm ptindx="FB2_3"/></d2></equation><equation id="CounterCount7_SPECSIG" regUse="DFF"><d1><eq_pterm ptindx="FB2_16"/></d1><d2><eq_pterm ptindx="FB2_27"/></d2><clk><fastsig signal="Clock"/></clk><reset><fastsig signal="Asynchronous_Reset"/></reset><prld ptindx="GND"/></equation><equation id="CounterCount6_SPECSIG" regUse="DFF"><d2><eq_pterm ptindx="FB2_25"/><eq_pterm ptindx="FB2_26"/></d2><clk><fastsig signal="Clock"/></clk><reset><fastsig signal="Asynchronous_Reset"/></reset><prld ptindx="GND"/></equation><equation id="LightsNS0_SPECSIG"><d2><eq_pterm ptindx="FB2_4"/><eq_pterm ptindx="FB2_5"/></d2></equation><equation id="LightsNS1_SPECSIG"><d2><eq_pterm ptindx="FB2_6"/><eq_pterm ptindx="FB2_7"/></d2></equation><equation id="StateMachinePedMemory_NS_SPECSIG" negated="ON" regUse="DFF"><d2><eq_pterm ptindx="FB2_24"/><eq_pterm ptindx="FB2_23"/></d2><clk><fastsig signal="Clock"/></clk><reset><fastsig signal="Asynchronous_Reset"/></reset><prld ptindx="GND"/></equation><equation id="StateMachinePedMemory_EW_SPECSIG" negated="ON" regUse="DFF"><d2><eq_pterm ptindx="FB2_22"/><eq_pterm ptindx="FB2_21"/></d2><clk><fastsig signal="Clock"/></clk><reset><fastsig signal="Asynchronous_Reset"/></reset><prld ptindx="GND"/></equation><equation id="StateMachinestate_FSM_FFd1_SPECSIG" regUse="DFF"><d2><eq_pterm ptindx="FB2_15"/><eq_pterm ptindx="FB2_17"/><eq_pterm ptindx="FB2_20"/><eq_pterm ptindx="FB2_18"/><eq_pterm ptindx="FB2_19"/></d2><clk><fastsig signal="Clock"/></clk><reset><fastsig signal="Asynchronous_Reset"/></reset><prld ptindx="GND"/></equation><equation id="StateMachinestate_FSM_FFd2_SPECSIG" regUse="DFF"><d2><eq_pterm ptindx="FB2_14"/><eq_pterm ptindx="FB2_12"/><eq_pterm ptindx="FB2_13"/><eq_pterm ptindx="FB2_10"/><eq_pterm ptindx="FB2_11"/></d2><clk><fastsig signal="Clock"/></clk><set><fastsig signal="Asynchronous_Reset"/></set><prld ptindx="GND"/></equation><equation id="StateMachinestate_FSM_FFd3_SPECSIG" regUse="TFF"><d2><eq_pterm ptindx="FB2_8"/><eq_pterm ptindx="FB2_9"/></d2><clk><fastsig signal="Clock"/></clk><set><fastsig signal="Asynchronous_Reset"/></set><prld ptindx="GND"/></equation></fblock><fblock id="FB3" pinUse="1"><macrocell id="FB3_MC1" pin="FB3_MC1_PIN29" sigUse="1" signal="debugLED"><eq_pterm ptindx="FB3_10"/></macrocell><macrocell id="FB3_MC2" pin="FB3_MC2_PIN28"/><macrocell id="FB3_MC3" pin="FB3_MC3_PIN27"/><macrocell id="FB3_MC4"/><macrocell id="FB3_MC5"/><macrocell id="FB3_MC6" pin="FB3_MC6_PIN23"/><macrocell id="FB3_MC7"/><macrocell id="FB3_MC8"/><macrocell id="FB3_MC9"/><macrocell id="FB3_MC10" pin="FB3_MC10_PIN22"/><macrocell id="FB3_MC11" pin="FB3_MC11_PIN21"/><macrocell id="FB3_MC12" pin="FB3_MC12_PIN20"/><macrocell id="FB3_MC13"/><macrocell id="FB3_MC14" pin="FB3_MC14_PIN19"/><macrocell id="FB3_MC15" pin="FB3_MC15_PIN18"/><macrocell id="FB3_MC16"/><fbinput id="FB3_I1" signal="Asynchronous_Reset"/><PAL><pterm id="FB3_10"><signal id="Asynchronous_Reset"/></pterm></PAL><equation id="debugLED"><d1><eq_pterm ptindx="FB3_10"/></d1></equation></fblock><fblock id="FB4" pinUse="0"><macrocell id="FB4_MC1" pin="FB4_MC1_PIN5"/><macrocell id="FB4_MC2" pin="FB4_MC2_PIN6"/><macrocell id="FB4_MC3"/><macrocell id="FB4_MC4"/><macrocell id="FB4_MC5"/><macrocell id="FB4_MC6"/><macrocell id="FB4_MC7" pin="FB4_MC7_PIN8"/><macrocell id="FB4_MC8"/><macrocell id="FB4_MC9"/><macrocell id="FB4_MC10"/><macrocell id="FB4_MC11" pin="FB4_MC11_PIN12"/><macrocell id="FB4_MC12"/><macrocell id="FB4_MC13" pin="FB4_MC13_PIN13"/><macrocell id="FB4_MC14" pin="FB4_MC14_PIN14"/><macrocell id="FB4_MC15" pin="FB4_MC15_PIN16"/><macrocell id="FB4_MC16"/><PAL/></fblock><vcc/><gnd/><messages><warning>Cpld - Unable to retrieve the path to the iSE Project Repository. Will   use the default filename of 'Traffic.ise'.INFO:Cpld - Inferring BUFG constraint for signal 'Clock' based upon the LOC   constraint 'P1'. It is recommended that you declare this BUFG explicitedly in   your design. Note that for certain device families the output of a BUFG   constraint can not drive a gated clock, and the BUFG constraint will be   ignored.</warning><warning>Cpld:936 - The output buffer 'LEDs&lt;2&gt;_OBUF' is missing an input and will   be deleted.</warning><warning>Cpld:936 - The output buffer 'LEDs&lt;1&gt;_OBUF' is missing an input and will   be deleted.</warning><warning>Cpld:936 - The output buffer 'LEDs&lt;0&gt;_OBUF' is missing an input and will   be deleted.</warning></messages><compOpts blkfanin="38" datagate="ON" exhaust="OFF" gclkopt="ON" gsropt="ON" gtsopt="ON" ignoredg="OFF" ignorets="OFF" inputs="32" inreg="ON" iostd="LVCMOS18" keepio="OFF" loc="ON" mlopt="ON" optimize="DENSITY" part="xc2c64a-7-VQ44" prld="LOW" pterms="28" slew="FAST" terminate="KEEPER" unused="KEEPER" wysiwyg="OFF"/><specSig signal="b_SPECSIG" value="(b)"/><specSig signal="CounterCount8_SPECSIG" value="Counter/Count&lt;8&gt;"/><specSig signal="CounterCount9_SPECSIG" value="Counter/Count&lt;9&gt;"/><specSig signal="CounterCount10_SPECSIG" value="Counter/Count&lt;10&gt;"/><specSig signal="GSRI_SPECSIG" value="GSR/I"/><specSig signal="LightsEW0_SPECSIG" value="LightsEW&lt;0&gt;"/><specSig signal="LightsEW1_SPECSIG" value="LightsEW&lt;1&gt;"/><specSig signal="LightsNS0_SPECSIG" value="LightsNS&lt;0&gt;"/><specSig signal="LightsNS1_SPECSIG" value="LightsNS&lt;1&gt;"/><specSig signal="Synced_CarPed_NSCOMB_SPECSIG" value="Synced_CarPed_NS.COMB"/><specSig signal="Synced_CarPed_EWCOMB_SPECSIG" value="Synced_CarPed_EW.COMB"/><specSig signal="CounterCount5_SPECSIG" value="Counter/Count&lt;5&gt;"/><specSig signal="CounterCount4_SPECSIG" value="Counter/Count&lt;4&gt;"/><specSig signal="CounterCount3_SPECSIG" value="Counter/Count&lt;3&gt;"/><specSig signal="CounterCount2_SPECSIG" value="Counter/Count&lt;2&gt;"/><specSig signal="CounterCount1_SPECSIG" value="Counter/Count&lt;1&gt;"/><specSig signal="CounterCount0_SPECSIG" value="Counter/Count&lt;0&gt;"/><specSig signal="CounterCount6_SPECSIG" value="Counter/Count&lt;6&gt;"/><specSig signal="CounterCount7_SPECSIG" value="Counter/Count&lt;7&gt;"/><specSig signal="StateMachinePedMemory_EW_SPECSIG" value="StateMachine/PedMemory_EW"/><specSig signal="StateMachinePedMemory_NS_SPECSIG" value="StateMachine/PedMemory_NS"/><specSig signal="StateMachinestate_FSM_FFd1_SPECSIG" value="StateMachine/state_FSM_FFd1"/><specSig signal="StateMachinestate_FSM_FFd2_SPECSIG" value="StateMachine/state_FSM_FFd2"/><specSig signal="StateMachinestate_FSM_FFd3_SPECSIG" value="StateMachine/state_FSM_FFd3"/></document>
